Artist,Title,id,danceability,energy,key,loudness,mode,speechiness,acousticness,instrumentalness,liveness,valence,tempo,type,uri,track_href,analysis_url,duration_ms,time_signature
Morgan Wallen,Last Night,59uQI0PADDKeE6UZDTJEe8,0.517,0.675,6,-5.382,1,0.0357,0.459,0.0,0.151,0.518,203.853,audio_features,spotify:track:59uQI0PADDKeE6UZDTJEe8,https://api.spotify.com/v1/tracks/59uQI0PADDKeE6UZDTJEe8,https://api.spotify.com/v1/audio-analysis/59uQI0PADDKeE6UZDTJEe8,163855,4
Luke Combs,Fast Car,1Lo0QY9cvc8sUB2vnIOxDT,0.712,0.603,8,-5.52,1,0.0262,0.186,0.0,0.115,0.67,97.994,audio_features,spotify:track:1Lo0QY9cvc8sUB2vnIOxDT,https://api.spotify.com/v1/tracks/1Lo0QY9cvc8sUB2vnIOxDT,https://api.spotify.com/v1/audio-analysis/1Lo0QY9cvc8sUB2vnIOxDT,265493,4
Olivia Rodrigo,Vampire,4sSKTQcX6pQIncWcNJdkiD,0.675,0.609,1,-7.905,1,0.094,0.284,0.268,0.112,0.057,119.973,audio_features,spotify:track:4sSKTQcX6pQIncWcNJdkiD,https://api.spotify.com/v1/tracks/4sSKTQcX6pQIncWcNJdkiD,https://api.spotify.com/v1/audio-analysis/4sSKTQcX6pQIncWcNJdkiD,300000,4
Rema & Selena Gomez,Calm Down,0WtM2NBVQNNJLh6scP13H8,0.801,0.806,11,-5.206,1,0.0381,0.382,0.000669,0.114,0.802,106.999,audio_features,spotify:track:0WtM2NBVQNNJLh6scP13H8,https://api.spotify.com/v1/tracks/0WtM2NBVQNNJLh6scP13H8,https://api.spotify.com/v1/audio-analysis/0WtM2NBVQNNJLh6scP13H8,239318,4
Taylor Swift,I Can See You (Taylor's Version) (From The Vault),0hTenOns6LBffrOtLg3rMe,0.705,0.619,8,-6.208,1,0.0493,0.206,0.000986,0.139,0.39,93.031,audio_features,spotify:track:0hTenOns6LBffrOtLg3rMe,https://api.spotify.com/v1/tracks/0hTenOns6LBffrOtLg3rMe,https://api.spotify.com/v1/audio-analysis/0hTenOns6LBffrOtLg3rMe,193548,4
Miley Cyrus,Flowers,0yLdNVWF3Srea0uzk55zFn,0.707,0.681,0,-4.325,1,0.0668,0.0632,5.15e-06,0.0322,0.646,117.999,audio_features,spotify:track:0yLdNVWF3Srea0uzk55zFn,https://api.spotify.com/v1/tracks/0yLdNVWF3Srea0uzk55zFn,https://api.spotify.com/v1/audio-analysis/0yLdNVWF3Srea0uzk55zFn,200455,4
Gunna,Fukumean,4rXLjWdF2ZZpXCVTfWcshS,0.847,0.622,1,-6.747,0,0.0903,0.119,0.0,0.285,0.22,130.001,audio_features,spotify:track:4rXLjWdF2ZZpXCVTfWcshS,https://api.spotify.com/v1/tracks/4rXLjWdF2ZZpXCVTfWcshS,https://api.spotify.com/v1/audio-analysis/4rXLjWdF2ZZpXCVTfWcshS,125040,4
Lil Durk Featuring J. Cole,All My Life,6HgWWaMu31KdOpEG5l28BG,0.829,0.436,3,-8.205,1,0.327,0.15,0.0,0.0954,0.693,143.031,audio_features,spotify:track:6HgWWaMu31KdOpEG5l28BG,https://api.spotify.com/v1/tracks/6HgWWaMu31KdOpEG5l28BG,https://api.spotify.com/v1/audio-analysis/6HgWWaMu31KdOpEG5l28BG,223204,4
Taylor Swift,Cruel Summer,1BxfuPKGuaTgP7aM0Bbdwr,0.552,0.702,9,-5.707,1,0.157,0.117,2.06e-05,0.105,0.564,169.994,audio_features,spotify:track:1BxfuPKGuaTgP7aM0Bbdwr,https://api.spotify.com/v1/tracks/1BxfuPKGuaTgP7aM0Bbdwr,https://api.spotify.com/v1/audio-analysis/1BxfuPKGuaTgP7aM0Bbdwr,178427,4
Taylor Swift Featuring Ice Spice,Karma,3cbbb7H5k6yXNndjZ0AJuV,0.662,0.603,11,-5.595,0,0.364,0.348,0.0,0.085,0.599,133.629,audio_features,spotify:track:3cbbb7H5k6yXNndjZ0AJuV,https://api.spotify.com/v1/tracks/3cbbb7H5k6yXNndjZ0AJuV,https://api.spotify.com/v1/audio-analysis/3cbbb7H5k6yXNndjZ0AJuV,104160,3
SZA,Kill Bill,1Qrg8KqiBpW07V7PNxwwwL,0.644,0.735,8,-5.747,1,0.0391,0.0521,0.144,0.161,0.418,88.98,audio_features,spotify:track:1Qrg8KqiBpW07V7PNxwwwL,https://api.spotify.com/v1/tracks/1Qrg8KqiBpW07V7PNxwwwL,https://api.spotify.com/v1/audio-analysis/1Qrg8KqiBpW07V7PNxwwwL,153947,4
SZA,Snooze,2CSRrnOEELmhpq8iaAi9cd,0.461,0.279,9,-11.776,0,0.0373,0.911,0.0,0.205,0.599,114.225,audio_features,spotify:track:2CSRrnOEELmhpq8iaAi9cd,https://api.spotify.com/v1/tracks/2CSRrnOEELmhpq8iaAi9cd,https://api.spotify.com/v1/audio-analysis/2CSRrnOEELmhpq8iaAi9cd,150720,4
Toosii,Favorite Song,1SRw5p2lVAi7RGlHEmZg66,0.816,0.367,2,-9.354,1,0.0588,0.314,0.0,0.0987,0.413,116.035,audio_features,spotify:track:1SRw5p2lVAi7RGlHEmZg66,https://api.spotify.com/v1/tracks/1SRw5p2lVAi7RGlHEmZg66,https://api.spotify.com/v1/audio-analysis/1SRw5p2lVAi7RGlHEmZg66,208630,4
"Metro Boomin, The Weeknd & 21 Savage",Creepin',2dHHgzDwk4BJdRwy9uXhTO,0.715,0.62,1,-6.005,0,0.0484,0.417,0.0,0.0822,0.172,97.95,audio_features,spotify:track:2dHHgzDwk4BJdRwy9uXhTO,https://api.spotify.com/v1/tracks/2dHHgzDwk4BJdRwy9uXhTO,https://api.spotify.com/v1/audio-analysis/2dHHgzDwk4BJdRwy9uXhTO,221520,4
Taylor Swift,Mine (Taylor's Version),0fAbfDiuQiUwV7FUcFfRGY,0.695,0.723,7,-3.806,1,0.0285,0.00727,1.2e-06,0.1,0.679,121.011,audio_features,spotify:track:0fAbfDiuQiUwV7FUcFfRGY,https://api.spotify.com/v1/tracks/0fAbfDiuQiUwV7FUcFfRGY,https://api.spotify.com/v1/audio-analysis/0fAbfDiuQiUwV7FUcFfRGY,230333,4
Taylor Swift,Back To December (Taylor's Version),79uDOz0zuuWS7HWxzMmTa2,0.497,0.635,2,-3.927,1,0.0273,0.00621,0.0,0.117,0.203,142.063,audio_features,spotify:track:79uDOz0zuuWS7HWxzMmTa2,https://api.spotify.com/v1/tracks/79uDOz0zuuWS7HWxzMmTa2,https://api.spotify.com/v1/audio-analysis/79uDOz0zuuWS7HWxzMmTa2,294190,4
Jelly Roll,Need A Favor,5twSy6ffBrF03mnNUsUgJZ,0.504,0.771,6,-4.231,1,0.0319,0.0123,1.89e-05,0.078,0.555,157.985,audio_features,spotify:track:5twSy6ffBrF03mnNUsUgJZ,https://api.spotify.com/v1/tracks/5twSy6ffBrF03mnNUsUgJZ,https://api.spotify.com/v1/audio-analysis/5twSy6ffBrF03mnNUsUgJZ,197400,4
Miguel,Sure Thing,559SdaPI7mqy9IQiscuaMj,0.753,0.458,4,-12.52,0,0.123,0.0812,0.00413,0.209,0.662,105.057,audio_features,spotify:track:559SdaPI7mqy9IQiscuaMj,https://api.spotify.com/v1/tracks/559SdaPI7mqy9IQiscuaMj,https://api.spotify.com/v1/audio-analysis/559SdaPI7mqy9IQiscuaMj,150054,4
Taylor Swift,Enchanted (Taylor's Version),3lm4L3pPL32PFy74dR17OR,0.34,0.663,8,-5.597,1,0.0331,0.0747,2.34e-06,0.563,0.214,163.678,audio_features,spotify:track:3lm4L3pPL32PFy74dR17OR,https://api.spotify.com/v1/tracks/3lm4L3pPL32PFy74dR17OR,https://api.spotify.com/v1/audio-analysis/3lm4L3pPL32PFy74dR17OR,389213,4
Taylor Swift,Anti-Hero,0V3wPSX9ygBnCm8psDIegu,0.637,0.643,4,-6.571,1,0.0519,0.13,1.8e-06,0.142,0.533,97.008,audio_features,spotify:track:0V3wPSX9ygBnCm8psDIegu,https://api.spotify.com/v1/tracks/0V3wPSX9ygBnCm8psDIegu,https://api.spotify.com/v1/audio-analysis/0V3wPSX9ygBnCm8psDIegu,200690,4
Zach Bryan,Something In The Orange,3WMj8moIAXJhHsyLaqIIHI,0.369,0.192,4,-12.151,0,0.04,0.555,8.35e-06,0.0954,0.148,175.212,audio_features,spotify:track:3WMj8moIAXJhHsyLaqIIHI,https://api.spotify.com/v1/tracks/3WMj8moIAXJhHsyLaqIIHI,https://api.spotify.com/v1/audio-analysis/3WMj8moIAXJhHsyLaqIIHI,228013,3
Taylor Swift,Sparks Fly (Taylor's Version),3MytWN8L7shNYzGl4tAKRp,0.588,0.758,5,-2.347,1,0.0305,0.0251,0.0,0.131,0.387,114.991,audio_features,spotify:track:3MytWN8L7shNYzGl4tAKRp,https://api.spotify.com/v1/tracks/3MytWN8L7shNYzGl4tAKRp,https://api.spotify.com/v1/audio-analysis/3MytWN8L7shNYzGl4tAKRp,261231,4
Eslabon Armado X Peso Pluma,Ella Baila Sola,3qQbCzHBycnDpGskqOWY0E,0.668,0.758,5,-5.176,0,0.0332,0.483,1.89e-05,0.0837,0.834,147.989,audio_features,spotify:track:3qQbCzHBycnDpGskqOWY0E,https://api.spotify.com/v1/tracks/3qQbCzHBycnDpGskqOWY0E,https://api.spotify.com/v1/audio-analysis/3qQbCzHBycnDpGskqOWY0E,165671,3
The Weeknd & Ariana Grande,Die For You,7oDd86yk8itslrA9HRP2ki,0.531,0.525,1,-6.5,0,0.0671,0.232,0.0,0.441,0.502,66.9,audio_features,spotify:track:7oDd86yk8itslrA9HRP2ki,https://api.spotify.com/v1/tracks/7oDd86yk8itslrA9HRP2ki,https://api.spotify.com/v1/audio-analysis/7oDd86yk8itslrA9HRP2ki,232857,4
Morgan Wallen,You Proof,5W4kiM2cUYBJXKRudNyxjW,0.732,0.839,9,-5.007,1,0.0345,0.265,0.0,0.602,0.629,119.724,audio_features,spotify:track:5W4kiM2cUYBJXKRudNyxjW,https://api.spotify.com/v1/tracks/5W4kiM2cUYBJXKRudNyxjW,https://api.spotify.com/v1/audio-analysis/5W4kiM2cUYBJXKRudNyxjW,157478,4
Taylor Swift,Dear John (Taylor's Version),1ubvV5ECkm6nSI6g1HmbBK,0.589,0.47,4,-5.32,1,0.028,0.166,1.45e-06,0.112,0.102,119.386,audio_features,spotify:track:1ubvV5ECkm6nSI6g1HmbBK,https://api.spotify.com/v1/tracks/1ubvV5ECkm6nSI6g1HmbBK,https://api.spotify.com/v1/audio-analysis/1ubvV5ECkm6nSI6g1HmbBK,403920,3
Fifty Fifty,Cupid,7FbrGaHYVDmfr7KoLIZnQ7,0.783,0.592,11,-8.332,0,0.0331,0.435,4.15e-06,0.347,0.726,120.018,audio_features,spotify:track:7FbrGaHYVDmfr7KoLIZnQ7,https://api.spotify.com/v1/tracks/7FbrGaHYVDmfr7KoLIZnQ7,https://api.spotify.com/v1/audio-analysis/7FbrGaHYVDmfr7KoLIZnQ7,174253,4
Taylor Swift,Better Than Revenge (Taylor's Version),0NwGC0v03ysCYINtg6ns58,0.496,0.885,11,-2.969,0,0.0803,0.000886,0.0,0.191,0.665,145.863,audio_features,spotify:track:0NwGC0v03ysCYINtg6ns58,https://api.spotify.com/v1/tracks/0NwGC0v03ysCYINtg6ns58,https://api.spotify.com/v1/audio-analysis/0NwGC0v03ysCYINtg6ns58,220307,4
Bailey Zimmerman,Religiously,0bILU0UiNDmA5Ff6whhb2R,0.57,0.67,1,-6.519,1,0.0274,0.426,0.0,0.108,0.593,140.924,audio_features,spotify:track:0bILU0UiNDmA5Ff6whhb2R,https://api.spotify.com/v1/tracks/0bILU0UiNDmA5Ff6whhb2R,https://api.spotify.com/v1/audio-analysis/0bILU0UiNDmA5Ff6whhb2R,178723,4
Morgan Wallen,Thinkin' Bout Me,0PAcdVzhPO4gq1Iym9ESnK,0.656,0.757,3,-5.775,0,0.0308,0.492,0.0,0.117,0.429,139.971,audio_features,spotify:track:0PAcdVzhPO4gq1Iym9ESnK,https://api.spotify.com/v1/tracks/0PAcdVzhPO4gq1Iym9ESnK,https://api.spotify.com/v1/audio-analysis/0PAcdVzhPO4gq1Iym9ESnK,177388,4
Taylor Swift Featuring Hayley Williams,Castles Crumbling (Taylor's Version) (From The Vault),2QtJA4gbwe1AcanB2p21aP,0.596,0.738,8,-3.109,1,0.0411,0.109,0.0,0.0947,0.461,127.961,audio_features,spotify:track:2QtJA4gbwe1AcanB2p21aP,https://api.spotify.com/v1/tracks/2QtJA4gbwe1AcanB2p21aP,https://api.spotify.com/v1/audio-analysis/2QtJA4gbwe1AcanB2p21aP,217347,4
Dua Lipa,Dance The Night,1vYXt7VSjH9JIM5oRRo7vA,0.671,0.845,11,-4.93,0,0.048,0.0207,0.0,0.329,0.775,110.056,audio_features,spotify:track:1vYXt7VSjH9JIM5oRRo7vA,https://api.spotify.com/v1/tracks/1vYXt7VSjH9JIM5oRRo7vA,https://api.spotify.com/v1/audio-analysis/1vYXt7VSjH9JIM5oRRo7vA,176579,4
Taylor Swift,Speak Now (Taylor's Version),5xXqyjLicvEpch72qEryFT,0.727,0.677,7,-2.871,1,0.0325,0.248,0.0,0.143,0.639,118.995,audio_features,spotify:track:5xXqyjLicvEpch72qEryFT,https://api.spotify.com/v1/tracks/5xXqyjLicvEpch72qEryFT,https://api.spotify.com/v1/audio-analysis/5xXqyjLicvEpch72qEryFT,242473,4
Taylor Swift,When Emma Falls In Love (Taylor's Version) (From The Vault),4rpcEmKRnih4f1yNrCJMsm,0.544,0.254,2,-19.173,1,0.0495,0.943,0.901,0.128,0.19,137.986,audio_features,spotify:track:4rpcEmKRnih4f1yNrCJMsm,https://api.spotify.com/v1/tracks/4rpcEmKRnih4f1yNrCJMsm,https://api.spotify.com/v1/audio-analysis/4rpcEmKRnih4f1yNrCJMsm,282073,4
Taylor Swift Featuring Fall Out Boy,Electric Touch (Taylor's Version) (From The Vault),4e3ZNTAV6PCrdYMUrUlMpQ,0.547,0.855,7,-4.7,1,0.0597,0.0164,0.0,0.144,0.282,131.073,audio_features,spotify:track:4e3ZNTAV6PCrdYMUrUlMpQ,https://api.spotify.com/v1/tracks/4e3ZNTAV6PCrdYMUrUlMpQ,https://api.spotify.com/v1/audio-analysis/4e3ZNTAV6PCrdYMUrUlMpQ,266467,4
Ed Sheeran,Eyes Closed,07bsRv0pcpbG4zJeLsUs1p,0.777,0.526,2,-6.221,1,0.0645,0.302,0.0,0.105,0.389,107.071,audio_features,spotify:track:07bsRv0pcpbG4zJeLsUs1p,https://api.spotify.com/v1/tracks/07bsRv0pcpbG4zJeLsUs1p,https://api.spotify.com/v1/audio-analysis/07bsRv0pcpbG4zJeLsUs1p,194849,4
Yng Lvcas x Peso Pluma,La Bebe,2UW7JaomAMuX9pZrjVpHAU,0.812,0.479,2,-5.678,0,0.333,0.213,1.21e-06,0.0756,0.559,169.922,audio_features,spotify:track:2UW7JaomAMuX9pZrjVpHAU,https://api.spotify.com/v1/tracks/2UW7JaomAMuX9pZrjVpHAU,https://api.spotify.com/v1/audio-analysis/2UW7JaomAMuX9pZrjVpHAU,234353,4
Jordan Davis,Next Thing You Know,2lNTHWu2I5Tcz9ukWsV5Jj,0.557,0.597,5,-8.296,1,0.048,0.646,0.0,0.0974,0.414,78.526,audio_features,spotify:track:2lNTHWu2I5Tcz9ukWsV5Jj,https://api.spotify.com/v1/tracks/2lNTHWu2I5Tcz9ukWsV5Jj,https://api.spotify.com/v1/audio-analysis/2lNTHWu2I5Tcz9ukWsV5Jj,175238,4
Taylor Swift,Mean (Taylor's Version),30Y4CV7A6YqtQtTTo7Ue4j,0.524,0.692,4,-3.866,1,0.0369,0.311,0.0,0.192,0.621,163.874,audio_features,spotify:track:30Y4CV7A6YqtQtTTo7Ue4j,https://api.spotify.com/v1/tracks/30Y4CV7A6YqtQtTTo7Ue4j,https://api.spotify.com/v1/audio-analysis/30Y4CV7A6YqtQtTTo7Ue4j,238693,4
Taylor Swift,Foolish One (Taylor's Version) (From The Vault),1UdpND6ddu5MLshMwiXz6m,0.707,0.758,4,-7.041,0,0.29,0.254,6.8e-06,0.227,0.629,80.01,audio_features,spotify:track:1UdpND6ddu5MLshMwiXz6m,https://api.spotify.com/v1/tracks/1UdpND6ddu5MLshMwiXz6m,https://api.spotify.com/v1/audio-analysis/1UdpND6ddu5MLshMwiXz6m,222719,4
Old Dominion,Memory Lane,5kB6WithhB8Iv08EMNmAbt,0.645,0.8,6,-4.272,1,0.0363,0.0189,1.12e-05,0.0858,0.375,118.977,audio_features,spotify:track:5kB6WithhB8Iv08EMNmAbt,https://api.spotify.com/v1/tracks/5kB6WithhB8Iv08EMNmAbt,https://api.spotify.com/v1/audio-analysis/5kB6WithhB8Iv08EMNmAbt,172480,4
Taylor Swift,The Story Of Us (Taylor's Version),6dTA6y0C2ReQklntzZl8l3,0.515,0.781,4,-2.608,1,0.0535,0.00192,0.0,0.054,0.57,139.846,audio_features,spotify:track:6dTA6y0C2ReQklntzZl8l3,https://api.spotify.com/v1/tracks/6dTA6y0C2ReQklntzZl8l3,https://api.spotify.com/v1/audio-analysis/6dTA6y0C2ReQklntzZl8l3,267653,4
Drake,Search & Rescue,3fXGxzX58uWi6kqnbco7Q4,0.595,0.879,1,-6.941,1,0.11,0.000274,0.0,0.0795,0.325,141.996,audio_features,spotify:track:3fXGxzX58uWi6kqnbco7Q4,https://api.spotify.com/v1/tracks/3fXGxzX58uWi6kqnbco7Q4,https://api.spotify.com/v1/audio-analysis/3fXGxzX58uWi6kqnbco7Q4,178732,4
Grupo Frontera X Bad Bunny,Un x100to,6pD0ufEQq0xdHSsRbg9LBK,0.569,0.724,6,-4.076,0,0.0474,0.228,0.0,0.27,0.562,83.118,audio_features,spotify:track:6pD0ufEQq0xdHSsRbg9LBK,https://api.spotify.com/v1/tracks/6pD0ufEQq0xdHSsRbg9LBK,https://api.spotify.com/v1/audio-analysis/6pD0ufEQq0xdHSsRbg9LBK,194563,4
Morgan Wallen,Thought You Should Know,3Qu3Zh4WTKhP9GEXo0aDnb,0.53,0.678,6,-6.16,1,0.0278,0.506,6.23e-06,0.138,0.508,140.05,audio_features,spotify:track:3Qu3Zh4WTKhP9GEXo0aDnb,https://api.spotify.com/v1/tracks/3Qu3Zh4WTKhP9GEXo0aDnb,https://api.spotify.com/v1/audio-analysis/3Qu3Zh4WTKhP9GEXo0aDnb,215572,4
Tyler Hubbard,Dancin' In The Country,2KtGiBi5CrX2ERPD2PAS34,0.657,0.871,7,-4.614,1,0.0675,0.0031,0.0,0.102,0.532,114.974,audio_features,spotify:track:2KtGiBi5CrX2ERPD2PAS34,https://api.spotify.com/v1/tracks/2KtGiBi5CrX2ERPD2PAS34,https://api.spotify.com/v1/audio-analysis/2KtGiBi5CrX2ERPD2PAS34,179640,4
David Guetta & Bebe Rexha,I'm Good (Blue),4uUG5RXrOk84mYEfFvj3cK,0.561,0.965,7,-3.673,0,0.0343,0.00383,7.07e-06,0.371,0.304,128.04,audio_features,spotify:track:4uUG5RXrOk84mYEfFvj3cK,https://api.spotify.com/v1/tracks/4uUG5RXrOk84mYEfFvj3cK,https://api.spotify.com/v1/audio-analysis/4uUG5RXrOk84mYEfFvj3cK,175238,4
Taylor Swift,Timeless (Taylor's Version) (From The Vault),29fn9cpQP5bXvTOQiJrUfq,0.665,0.253,6,-11.018,1,0.103,0.633,0.784,0.116,0.453,176.144,audio_features,spotify:track:29fn9cpQP5bXvTOQiJrUfq,https://api.spotify.com/v1/tracks/29fn9cpQP5bXvTOQiJrUfq,https://api.spotify.com/v1/audio-analysis/29fn9cpQP5bXvTOQiJrUfq,141818,4
Nicki Minaj & Ice Spice With Aqua,Barbie World,741UUVE2kuITl0c6zuqqbO,0.77,0.58,0,-8.393,1,0.247,0.519,0.000127,0.233,0.753,144.072,audio_features,spotify:track:741UUVE2kuITl0c6zuqqbO,https://api.spotify.com/v1/tracks/741UUVE2kuITl0c6zuqqbO,https://api.spotify.com/v1/audio-analysis/741UUVE2kuITl0c6zuqqbO,109750,4
Taylor Swift,Haunted (Taylor's Version),62rlxI6g2PNaWsHoiRryto,0.563,0.443,5,-5.078,1,0.0247,0.842,0.0,0.293,0.313,80.962,audio_features,spotify:track:62rlxI6g2PNaWsHoiRryto,https://api.spotify.com/v1/tracks/62rlxI6g2PNaWsHoiRryto,https://api.spotify.com/v1/audio-analysis/62rlxI6g2PNaWsHoiRryto,217613,4
Bad Bunny,Where She Goes,4tYtBjOaTpnOPoLF1zsAzR,0.685,0.317,10,-10.977,1,0.293,0.605,0.861,0.101,0.28,78.642,audio_features,spotify:track:4tYtBjOaTpnOPoLF1zsAzR,https://api.spotify.com/v1/tracks/4tYtBjOaTpnOPoLF1zsAzR,https://api.spotify.com/v1/audio-analysis/4tYtBjOaTpnOPoLF1zsAzR,88291,4
Kane Brown,Bury Me In Georgia,2mltIbKkhQqyh8gCzaqxqA,0.391,0.816,2,-5.746,0,0.066,0.0169,0.0,0.0893,0.457,160.001,audio_features,spotify:track:2mltIbKkhQqyh8gCzaqxqA,https://api.spotify.com/v1/tracks/2mltIbKkhQqyh8gCzaqxqA,https://api.spotify.com/v1/audio-analysis/2mltIbKkhQqyh8gCzaqxqA,170683,4
Taylor Swift,Long Live (Taylor's Version),4hqJ4bSlYJOXb6Z4SRmzxs,0.375,0.65,0,-4.031,1,0.0402,0.0122,0.0,0.189,0.0752,203.89,audio_features,spotify:track:4hqJ4bSlYJOXb6Z4SRmzxs,https://api.spotify.com/v1/tracks/4hqJ4bSlYJOXb6Z4SRmzxs,https://api.spotify.com/v1/audio-analysis/4hqJ4bSlYJOXb6Z4SRmzxs,317960,4
Latto Featuring Cardi B,Put It On Da Floor Again,6c6WmIHcHlhccEwSFBhzNa,0.849,0.614,1,-7.323,1,0.317,0.0282,0.0,0.0603,0.472,111.363,audio_features,spotify:track:6c6WmIHcHlhccEwSFBhzNa,https://api.spotify.com/v1/tracks/6c6WmIHcHlhccEwSFBhzNa,https://api.spotify.com/v1/audio-analysis/6c6WmIHcHlhccEwSFBhzNa,185748,5
Post Malone,Chemical,4qzEjmuz380jeiBJp31oDY,0.48,0.895,2,-4.872,1,0.0426,0.00183,0.0,0.111,0.356,169.945,audio_features,spotify:track:4qzEjmuz380jeiBJp31oDY,https://api.spotify.com/v1/tracks/4qzEjmuz380jeiBJp31oDY,https://api.spotify.com/v1/audio-analysis/4qzEjmuz380jeiBJp31oDY,184005,4
Luke Combs,Love You Anyway,2kYevr8cbIAH2ha8210Bnz,0.532,0.489,4,-7.419,1,0.0311,0.149,0.0,0.237,0.32,139.807,audio_features,spotify:track:2kYevr8cbIAH2ha8210Bnz,https://api.spotify.com/v1/tracks/2kYevr8cbIAH2ha8210Bnz,https://api.spotify.com/v1/audio-analysis/2kYevr8cbIAH2ha8210Bnz,229627,4
Taylor Swift,Last Kiss (Taylor's Version),59KOoHFcw5XfICnO57holu,0.55,0.366,10,-8.46,1,0.0276,0.447,4.43e-06,0.101,0.16,79.401,audio_features,spotify:track:59KOoHFcw5XfICnO57holu,https://api.spotify.com/v1/tracks/59KOoHFcw5XfICnO57holu,https://api.spotify.com/v1/audio-analysis/59KOoHFcw5XfICnO57holu,369120,3
Taylor Swift,Never Grow Up (Taylor's Version),2EFZ9emtKWEglWUQGEQ3P9,0.685,0.323,2,-7.103,1,0.0289,0.851,0.0,0.198,0.569,125.058,audio_features,spotify:track:2EFZ9emtKWEglWUQGEQ3P9,https://api.spotify.com/v1/tracks/2EFZ9emtKWEglWUQGEQ3P9,https://api.spotify.com/v1/audio-analysis/2EFZ9emtKWEglWUQGEQ3P9,292920,4
Fuerza Regida,Sabor Fresa,1UMm1Qs3u59Wvk53zBUE8r,0.785,0.863,7,-4.599,0,0.0893,0.0883,0.0,0.0929,0.962,130.132,audio_features,spotify:track:1UMm1Qs3u59Wvk53zBUE8r,https://api.spotify.com/v1/tracks/1UMm1Qs3u59Wvk53zBUE8r,https://api.spotify.com/v1/audio-analysis/1UMm1Qs3u59Wvk53zBUE8r,156501,3
Lil Uzi Vert,Flooded The Face,4daEMLSZCgZ2Mt7gNm2SRa,0.64,0.609,1,-7.714,0,0.304,0.492,2.47e-06,0.152,0.393,131.889,audio_features,spotify:track:4daEMLSZCgZ2Mt7gNm2SRa,https://api.spotify.com/v1/tracks/4daEMLSZCgZ2Mt7gNm2SRa,https://api.spotify.com/v1/audio-analysis/4daEMLSZCgZ2Mt7gNm2SRa,192727,4
Kaliii,Area Codes,50mosUhGLjNrWcZEjLsFBa,0.823,0.388,1,-10.867,1,0.491,0.0187,0.0,0.0876,0.507,154.569,audio_features,spotify:track:50mosUhGLjNrWcZEjLsFBa,https://api.spotify.com/v1/tracks/50mosUhGLjNrWcZEjLsFBa,https://api.spotify.com/v1/audio-analysis/50mosUhGLjNrWcZEjLsFBa,139326,4
Peso Pluma & Grupo Frontera,Tulum,7bPp2NmpmyhLJ7zWazAXMu,0.557,0.866,6,-4.454,1,0.0503,0.394,0.0,0.11,0.631,167.767,audio_features,spotify:track:7bPp2NmpmyhLJ7zWazAXMu,https://api.spotify.com/v1/tracks/7bPp2NmpmyhLJ7zWazAXMu,https://api.spotify.com/v1/audio-analysis/7bPp2NmpmyhLJ7zWazAXMu,209415,4
Taylor Swift,Innocent (Taylor's Version),3kfgJql90tzgoxByioAMXR,0.552,0.608,1,-5.29,0,0.0259,0.186,0.0,0.125,0.17,134.05,audio_features,spotify:track:3kfgJql90tzgoxByioAMXR,https://api.spotify.com/v1/tracks/3kfgJql90tzgoxByioAMXR,https://api.spotify.com/v1/audio-analysis/3kfgJql90tzgoxByioAMXR,302253,4
Ice Spice & Nicki Minaj,Princess Diana,0ZxhtATQ0a6EvQNZ0z6NKV,0.898,0.676,9,-5.196,1,0.187,0.14,0.0,0.101,0.742,147.991,audio_features,spotify:track:0ZxhtATQ0a6EvQNZ0z6NKV,https://api.spotify.com/v1/tracks/0ZxhtATQ0a6EvQNZ0z6NKV,https://api.spotify.com/v1/audio-analysis/0ZxhtATQ0a6EvQNZ0z6NKV,172125,4
"Peso Pluma, Gabito Ballesteros & Junior H",Lady Gaga,7mXuWTczZNxG5EDcjFEuJR,0.646,0.736,5,-7.118,0,0.0449,0.216,0.0,0.415,0.873,140.098,audio_features,spotify:track:7mXuWTczZNxG5EDcjFEuJR,https://api.spotify.com/v1/tracks/7mXuWTczZNxG5EDcjFEuJR,https://api.spotify.com/v1/audio-analysis/7mXuWTczZNxG5EDcjFEuJR,212878,3
NewJeans,Super Shy,0a4MMyCrzT0En247IhqZbD,0.593,0.935,4,-3.43,0,0.225,0.268,0.0,0.286,0.783,99.976,audio_features,spotify:track:0a4MMyCrzT0En247IhqZbD,https://api.spotify.com/v1/tracks/0a4MMyCrzT0En247IhqZbD,https://api.spotify.com/v1/audio-analysis/0a4MMyCrzT0En247IhqZbD,179027,4
Doechii Featuring Kodak Black,What It Is (Block Boy),1O8zCu3dLLPxkbGfIsbRgE,0.731,0.744,1,-5.77,0,0.174,0.109,0.0,0.123,0.727,171.859,audio_features,spotify:track:1O8zCu3dLLPxkbGfIsbRgE,https://api.spotify.com/v1/tracks/1O8zCu3dLLPxkbGfIsbRgE,https://api.spotify.com/v1/audio-analysis/1O8zCu3dLLPxkbGfIsbRgE,223344,4
Fuerza Regida,TQM,1UMm1Qs3u59Wvk53zBUE8r,0.785,0.863,7,-4.599,0,0.0893,0.0883,0.0,0.0929,0.962,130.132,audio_features,spotify:track:1UMm1Qs3u59Wvk53zBUE8r,https://api.spotify.com/v1/tracks/1UMm1Qs3u59Wvk53zBUE8r,https://api.spotify.com/v1/audio-analysis/1UMm1Qs3u59Wvk53zBUE8r,156501,3
Taylor Swift,Ours (Taylor's Version),3yNJkriPzWjkkDAWHIAVUq,0.535,0.488,0,-8.261,1,0.0278,0.449,0.0,0.111,0.348,159.813,audio_features,spotify:track:3yNJkriPzWjkkDAWHIAVUq,https://api.spotify.com/v1/tracks/3yNJkriPzWjkkDAWHIAVUq,https://api.spotify.com/v1/audio-analysis/3yNJkriPzWjkkDAWHIAVUq,235803,4
Young Nudy Featuring 21 Savage,Peaches & Eggplants,2KcQ0PbPj0O3P48B9YX7iN,0.911,0.536,4,-7.884,0,0.282,0.00897,3.73e-06,0.111,0.584,146.014,audio_features,spotify:track:2KcQ0PbPj0O3P48B9YX7iN,https://api.spotify.com/v1/tracks/2KcQ0PbPj0O3P48B9YX7iN,https://api.spotify.com/v1/audio-analysis/2KcQ0PbPj0O3P48B9YX7iN,203813,4
Lil Durk Featuring Morgan Wallen,Stand By Me,2gs8HVC6KXOQe76XggzZH5,0.816,0.144,7,-10.148,1,0.0398,0.797,7.81e-06,0.485,0.523,99.678,audio_features,spotify:track:2gs8HVC6KXOQe76XggzZH5,https://api.spotify.com/v1/tracks/2gs8HVC6KXOQe76XggzZH5,https://api.spotify.com/v1/audio-analysis/2gs8HVC6KXOQe76XggzZH5,169013,4
Jon Pardi,Your Heart Or Mine,7ETjhPaIU4UmHOiimJBZz9,0.639,0.713,5,-4.368,0,0.0337,0.0539,0.0,0.102,0.717,86.1,audio_features,spotify:track:7ETjhPaIU4UmHOiimJBZz9,https://api.spotify.com/v1/tracks/7ETjhPaIU4UmHOiimJBZz9,https://api.spotify.com/v1/audio-analysis/7ETjhPaIU4UmHOiimJBZz9,161200,4
David Kushner,Daylight,1odExI7RdWc4BT515LTAwj,0.508,0.43,2,-9.475,0,0.0335,0.83,0.000441,0.093,0.324,130.09,audio_features,spotify:track:1odExI7RdWc4BT515LTAwj,https://api.spotify.com/v1/tracks/1odExI7RdWc4BT515LTAwj,https://api.spotify.com/v1/audio-analysis/1odExI7RdWc4BT515LTAwj,212954,4
Taylor Swift,Superman (Taylor's Version),2xfmfQtG4HFSzVlTLfWJca,0.757,0.767,6,-4.306,0,0.0329,0.00654,9.2e-05,0.165,0.43,110.491,audio_features,spotify:track:2xfmfQtG4HFSzVlTLfWJca,https://api.spotify.com/v1/tracks/2xfmfQtG4HFSzVlTLfWJca,https://api.spotify.com/v1/audio-analysis/2xfmfQtG4HFSzVlTLfWJca,412638,4
Justin Moore & Priscilla Block,"You, Me, & Whiskey",2BLlpdGCv0IErmH3OBGHYJ,0.555,0.88,0,-4.351,0,0.0535,0.0803,0.0,0.174,0.422,144.076,audio_features,spotify:track:2BLlpdGCv0IErmH3OBGHYJ,https://api.spotify.com/v1/tracks/2BLlpdGCv0IErmH3OBGHYJ,https://api.spotify.com/v1/audio-analysis/2BLlpdGCv0IErmH3OBGHYJ,187941,4
Lil Uzi Vert Featuring Nicki Minaj,Endless Fashion,41bmnQZoDMQdDh5zyomtW7,0.731,0.605,1,-5.01,1,0.19,0.067,7.7e-06,0.177,0.413,132.946,audio_features,spotify:track:41bmnQZoDMQdDh5zyomtW7,https://api.spotify.com/v1/tracks/41bmnQZoDMQdDh5zyomtW7,https://api.spotify.com/v1/audio-analysis/41bmnQZoDMQdDh5zyomtW7,216704,4
"David Guetta, Anne-Marie & Coi Leray",Baby Don't Hurt Me,3BKD1PwArikchz2Zrlp1qi,0.602,0.91,7,-3.404,1,0.0308,0.00126,0.000174,0.12,0.228,127.944,audio_features,spotify:track:3BKD1PwArikchz2Zrlp1qi,https://api.spotify.com/v1/tracks/3BKD1PwArikchz2Zrlp1qi,https://api.spotify.com/v1/audio-analysis/3BKD1PwArikchz2Zrlp1qi,140018,4
Young Thug Featuring Drake,Oh U Went,7qLr3HMApUbyDkUvgIvHnB,0.808,0.789,7,-5.88,0,0.236,0.0517,0.0,0.0819,0.465,136.01,audio_features,spotify:track:7qLr3HMApUbyDkUvgIvHnB,https://api.spotify.com/v1/tracks/7qLr3HMApUbyDkUvgIvHnB,https://api.spotify.com/v1/audio-analysis/7qLr3HMApUbyDkUvgIvHnB,185333,4
Post Malone,Mourning,5KE9b4x7Zj2A8XtbkqhqTe,0.724,0.772,6,-4.389,0,0.184,0.25,0.0,0.308,0.347,95.074,audio_features,spotify:track:5KE9b4x7Zj2A8XtbkqhqTe,https://api.spotify.com/v1/tracks/5KE9b4x7Zj2A8XtbkqhqTe,https://api.spotify.com/v1/audio-analysis/5KE9b4x7Zj2A8XtbkqhqTe,168280,4
"The Weeknd, Playboi Carti & Madonna",Popular,2BRk8p8Mc39p4sMULNPKXC,0.765,0.434,1,-14.769,1,0.0718,0.0165,0.884,0.0968,0.114,99.29,audio_features,spotify:track:2BRk8p8Mc39p4sMULNPKXC,https://api.spotify.com/v1/tracks/2BRk8p8Mc39p4sMULNPKXC,https://api.spotify.com/v1/audio-analysis/2BRk8p8Mc39p4sMULNPKXC,214884,4
Bizarrap & Peso Pluma,"Bzrp Music Sessions, Vol. 55",5AqiaZwhmC6dIbgWrD5SzV,0.854,0.668,5,-7.848,0,0.0466,0.264,5.61e-05,0.117,0.805,132.966,audio_features,spotify:track:5AqiaZwhmC6dIbgWrD5SzV,https://api.spotify.com/v1/tracks/5AqiaZwhmC6dIbgWrD5SzV,https://api.spotify.com/v1/audio-analysis/5AqiaZwhmC6dIbgWrD5SzV,187660,3
FendiDa Rappa With Cardi B,Point Me 2,69ZBK01gsgWUnA55BEaAPu,0.773,0.607,10,-6.768,0,0.382,0.0354,0.0,0.111,0.279,155.026,audio_features,spotify:track:69ZBK01gsgWUnA55BEaAPu,https://api.spotify.com/v1/tracks/69ZBK01gsgWUnA55BEaAPu,https://api.spotify.com/v1/audio-analysis/69ZBK01gsgWUnA55BEaAPu,225492,4
Lainey Wilson,Watermelon Moonshine,7Fa7EcDrcGw2SUh8WjX3zo,0.739,0.413,1,-6.709,1,0.0282,0.47,2.51e-05,0.131,0.649,139.921,audio_features,spotify:track:7Fa7EcDrcGw2SUh8WjX3zo,https://api.spotify.com/v1/tracks/7Fa7EcDrcGw2SUh8WjX3zo,https://api.spotify.com/v1/audio-analysis/7Fa7EcDrcGw2SUh8WjX3zo,208853,4
Peso Pluma,Bye,6f8wbdo8KU5ETWJA7lapgS,0.782,0.812,0,-6.613,1,0.0469,0.567,0.00045,0.101,0.7,122.063,audio_features,spotify:track:6f8wbdo8KU5ETWJA7lapgS,https://api.spotify.com/v1/tracks/6f8wbdo8KU5ETWJA7lapgS,https://api.spotify.com/v1/audio-analysis/6f8wbdo8KU5ETWJA7lapgS,212976,3
Peso Pluma & Junior H,Luna,3RA55zrRkyPK8Fd86hrMy8,0.747,0.629,9,-8.509,0,0.0363,0.328,0.00409,0.154,0.793,127.819,audio_features,spotify:track:3RA55zrRkyPK8Fd86hrMy8,https://api.spotify.com/v1/tracks/3RA55zrRkyPK8Fd86hrMy8,https://api.spotify.com/v1/audio-analysis/3RA55zrRkyPK8Fd86hrMy8,163552,3
DaBaby,Shake Sumn,3FhZPYvMGSjFc6boVYKlCv,0.783,0.768,11,-8.471,0,0.157,0.00198,0.0,0.171,0.267,143.071,audio_features,spotify:track:3FhZPYvMGSjFc6boVYKlCv,https://api.spotify.com/v1/tracks/3FhZPYvMGSjFc6boVYKlCv,https://api.spotify.com/v1/audio-analysis/3FhZPYvMGSjFc6boVYKlCv,124806,4
Morgan Wallen,Everything I Love,03fs6oV5JAlbytRYf3371S,0.568,0.841,8,-3.802,1,0.0261,0.00514,0.000503,0.147,0.668,103.983,audio_features,spotify:track:03fs6oV5JAlbytRYf3371S,https://api.spotify.com/v1/tracks/03fs6oV5JAlbytRYf3371S,https://api.spotify.com/v1/audio-analysis/03fs6oV5JAlbytRYf3371S,187047,4
Karol G x Shakira,TQG,0DWdj2oZMBFSzRsi2Cvfzf,0.72,0.63,4,-3.547,0,0.277,0.673,0.0,0.0936,0.607,179.974,audio_features,spotify:track:0DWdj2oZMBFSzRsi2Cvfzf,https://api.spotify.com/v1/tracks/0DWdj2oZMBFSzRsi2Cvfzf,https://api.spotify.com/v1/audio-analysis/0DWdj2oZMBFSzRsi2Cvfzf,199440,4
Peso Pluma,Por Las Noches,2VzCjpKvPB1l1tqLndtAQa,0.807,0.595,0,-7.19,1,0.0325,0.31,2.44e-05,0.0735,0.392,92.491,audio_features,spotify:track:2VzCjpKvPB1l1tqLndtAQa,https://api.spotify.com/v1/tracks/2VzCjpKvPB1l1tqLndtAQa,https://api.spotify.com/v1/audio-analysis/2VzCjpKvPB1l1tqLndtAQa,239845,4
Myke Towers,LaLa,1xK1Gg9SxG8fy2Ya373oqb,0.713,0.617,8,-4.637,1,0.0887,0.122,0.0,0.0962,0.682,168.021,audio_features,spotify:track:1xK1Gg9SxG8fy2Ya373oqb,https://api.spotify.com/v1/tracks/1xK1Gg9SxG8fy2Ya373oqb,https://api.spotify.com/v1/audio-analysis/1xK1Gg9SxG8fy2Ya373oqb,232853,4
Yahritza y Su Esencia x Grupo Frontera,Fragil,4JdSXF2p71cr8uCY3UiJM0,0.605,0.726,6,-4.515,1,0.0309,0.365,0.0,0.112,0.393,149.918,audio_features,spotify:track:4JdSXF2p71cr8uCY3UiJM0,https://api.spotify.com/v1/tracks/4JdSXF2p71cr8uCY3UiJM0,https://api.spotify.com/v1/audio-analysis/4JdSXF2p71cr8uCY3UiJM0,160518,4
Peso Pluma & Jasiel Nunez,Lagunas,3HOKxuTDmNVmIlCIpBiD8m,0.77,0.622,11,-10.621,1,0.026,0.328,0.00603,0.149,0.792,115.952,audio_features,spotify:track:3HOKxuTDmNVmIlCIpBiD8m,https://api.spotify.com/v1/tracks/3HOKxuTDmNVmIlCIpBiD8m,https://api.spotify.com/v1/audio-analysis/3HOKxuTDmNVmIlCIpBiD8m,231247,3
Peso Pluma,Rubicon,0xGZjxYqcNQ8WqxyeZ4eSN,0.758,0.816,5,-7.284,1,0.0406,0.136,3.64e-06,0.326,0.915,139.959,audio_features,spotify:track:0xGZjxYqcNQ8WqxyeZ4eSN,https://api.spotify.com/v1/tracks/0xGZjxYqcNQ8WqxyeZ4eSN,https://api.spotify.com/v1/audio-analysis/0xGZjxYqcNQ8WqxyeZ4eSN,238447,3
Junior H x Peso Pluma,El Azul,1haJsMtoBhHfvuM7XWuT3W,0.558,0.648,9,-7.081,0,0.055,0.226,7.76e-06,0.0986,0.844,143.876,audio_features,spotify:track:1haJsMtoBhHfvuM7XWuT3W,https://api.spotify.com/v1/tracks/1haJsMtoBhHfvuM7XWuT3W,https://api.spotify.com/v1/audio-analysis/1haJsMtoBhHfvuM7XWuT3W,187226,3
Morgan Wallen Featuring ERNEST,Cowgirls,5m3F7x3wk7S3Zm5mzc0gXP,0.622,0.782,8,-3.78,1,0.0351,0.199,5.5e-06,0.159,0.374,172.032,audio_features,spotify:track:5m3F7x3wk7S3Zm5mzc0gXP,https://api.spotify.com/v1/tracks/5m3F7x3wk7S3Zm5mzc0gXP,https://api.spotify.com/v1/audio-analysis/5m3F7x3wk7S3Zm5mzc0gXP,181621,4
Sexyy Red & Tay Keith & Nicki Minaj,Pound Town 2,6IEXjer2qbXhRLFv99NQQv,0.637,0.634,2,-8.126,1,0.426,0.174,0.0,0.149,0.49,178.037,audio_features,spotify:track:6IEXjer2qbXhRLFv99NQQv,https://api.spotify.com/v1/tracks/6IEXjer2qbXhRLFv99NQQv,https://api.spotify.com/v1/audio-analysis/6IEXjer2qbXhRLFv99NQQv,194048,4
"Tyler, The Creator Featuring Kali Uchis",See You Again,7KA4W4McWYRpgf0fWsJZWB,0.558,0.559,6,-9.222,1,0.0959,0.371,7.49e-06,0.109,0.62,78.558,audio_features,spotify:track:7KA4W4McWYRpgf0fWsJZWB,https://api.spotify.com/v1/tracks/7KA4W4McWYRpgf0fWsJZWB,https://api.spotify.com/v1/audio-analysis/7KA4W4McWYRpgf0fWsJZWB,180387,4
Rod Wave,Fight The Feeling,5ie5OPdaP9fivYaKcjwKF1,0.596,0.545,3,-6.911,0,0.0368,0.703,0.0,0.0811,0.0923,82.07,audio_features,spotify:track:5ie5OPdaP9fivYaKcjwKF1,https://api.spotify.com/v1/tracks/5ie5OPdaP9fivYaKcjwKF1,https://api.spotify.com/v1/audio-analysis/5ie5OPdaP9fivYaKcjwKF1,191159,4
Tainy & Bad Bunny,Mojabi Ghost,1dpaN50PdAeiXHYwgK9g2v,0.661,0.678,2,-7.553,1,0.0459,0.00291,0.0892,0.283,0.196,126.082,audio_features,spotify:track:1dpaN50PdAeiXHYwgK9g2v,https://api.spotify.com/v1/tracks/1dpaN50PdAeiXHYwgK9g2v,https://api.spotify.com/v1/audio-analysis/1dpaN50PdAeiXHYwgK9g2v,209529,4
Jonas Brothers,Waffle House,5iE3eUH2WGCXcE2xr6DEmU,0.729,0.763,10,-4.407,1,0.0363,0.033,1e-06,0.192,0.864,126.002,audio_features,spotify:track:5iE3eUH2WGCXcE2xr6DEmU,https://api.spotify.com/v1/tracks/5iE3eUH2WGCXcE2xr6DEmU,https://api.spotify.com/v1/audio-analysis/5iE3eUH2WGCXcE2xr6DEmU,145441,4
